item_name,code,quantity,brand,category,type,images,image_local,image_url,notes,aliases,search_keywords,default_count_unit
A CHOY,108,,,A,produce_plu,[],,,,,A CHOY 108   A PRODUCE_PLU  ,
ACORN SQUASH,4750,,,CORNS,produce_plu,[],,,,,ACORN SQUASH 4750   CORNS PRODUCE_PLU  ,
AMBROSIA APPLE,3438,,,APPLES,produce_plu,[],,,,,AMBROSIA APPLE 3438   APPLES PRODUCE_PLU  ,
ANAHEIM PEPPER,4677,,,PEPPERS,produce_plu,[],,,,,ANAHEIM PEPPER 4677   PEPPERS PRODUCE_PLU  ,
ANISE / FENNEL,4515,,,ANISE,produce_plu,[],,,,,ANISE / FENNEL 4515   ANISE PRODUCE_PLU  ,
ANJOU PEAR,4416,,,PEARS,produce_plu,[],,,,,ANJOU PEAR 4416   PEARS PRODUCE_PLU  ,
APRICOT,4218,,,APRICOT,produce_plu,[],,,,,APRICOT 4218   APRICOT PRODUCE_PLU  ,
ARROW ROOT (FUN-GOT),329,,,ARROW,produce_plu,[],,,,,ARROW ROOT (FUN-GOT) 329   ARROW PRODUCE_PLU  ,
ARTICHOKES,4516,,,ARTICHOKES,produce_plu,[],,,,,ARTICHOKES 4516   ARTICHOKES PRODUCE_PLU  ,
ARTICHOKES,4084,,,ARTICHOKES,produce_plu,[],,,,,ARTICHOKES 4084   ARTICHOKES PRODUCE_PLU  ,
ARTICHOKES PURPLE,4518,,,ARTICHOKES,produce_plu,[],,,,,ARTICHOKES PURPLE 4518   ARTICHOKES PRODUCE_PLU  ,
ARUGULA,4884,,,ARUGULA,produce_plu,[],,,,,ARUGULA 4884   ARUGULA PRODUCE_PLU  ,
ASIAN BROWN PEAR,4408,,,PEARS,produce_plu,[],,,,,ASIAN BROWN PEAR 4408   PEARS PRODUCE_PLU  ,
ASIAN YELLOW PEAR,4407,,,PEARS,produce_plu,[],,,,,ASIAN YELLOW PEAR 4407   PEARS PRODUCE_PLU  ,
ASPARAGUS,4080,,,ASPARAGUS,produce_plu,[],,,,,ASPARAGUS 4080   ASPARAGUS PRODUCE_PLU  ,
ASPARAGUS PURPLE,3079,,,ASPARAGUS,produce_plu,[],,,,,ASPARAGUS PURPLE 3079   ASPARAGUS PRODUCE_PLU  ,
ASPARAGUS WHITE,4522,,,ASPARAGUS,produce_plu,[],,,,,ASPARAGUS WHITE 4522   ASPARAGUS PRODUCE_PLU  ,
AVOCADO,4225,,,AVOCADOS,produce_plu,[],,,,,AVOCADO 4225   AVOCADOS PRODUCE_PLU  ,
AVOCADOES,4046,,,AVOCADOS,produce_plu,[],,,,,AVOCADOES 4046   AVOCADOS PRODUCE_PLU  ,
BABY DIAKON,4834,,,BABY,produce_plu,[],,,,,BABY DIAKON 4834   BABY PRODUCE_PLU  ,
BABY KAI CHOY,3161,,,BABY,produce_plu,[],,,,,BABY KAI CHOY 3161   BABY PRODUCE_PLU  ,
BABY NINO BANANA,4234,,,BANANAS,produce_plu,[],,,,,BABY NINO BANANA 4234   BANANAS PRODUCE_PLU  ,
BAGGED 4/8LB ORANGE,276,,,ORANGES,produce_plu,[],,,,,BAGGED 4/8LB ORANGE 276   ORANGES PRODUCE_PLU  ,
BAMBOO SHOOTS,250,,,BAMBOO,produce_plu,[],,,,,BAMBOO SHOOTS 250   BAMBOO PRODUCE_PLU  ,
BANANAS,4011,,,BANANAS,produce_plu,[],,,,,BANANAS 4011   BANANAS PRODUCE_PLU  ,
BARTLETT PEAR,4409,,,PEARS,produce_plu,[],,,,,BARTLETT PEAR 4409   PEARS PRODUCE_PLU  ,
BEAN SPROUTS BULK,4536,,,BEANS,produce_plu,[],,,,,BEAN SPROUTS BULK 4536   BEANS PRODUCE_PLU  ,
BEANS BROAD,4528,,,BEANS,produce_plu,[],,,,,BEANS BROAD 4528   BEANS PRODUCE_PLU  ,
BEANS GREEN,4066,,,BEANS,produce_plu,[],,,,,BEANS GREEN 4066   BEANS PRODUCE_PLU  ,
BEANS LONG,4527,,,BEANS,produce_plu,[],,,,,BEANS LONG 4527   BEANS PRODUCE_PLU  ,
BEANS YELLOW,4533,,,BEANS,produce_plu,[],,,,,BEANS YELLOW 4533   BEANS PRODUCE_PLU  ,
BEETS BULK,4540,,,BEETS,produce_plu,[],,,,,BEETS BULK 4540   BEETS PRODUCE_PLU  ,
BEETS BUNCH,4539,,,BEETS,produce_plu,[],,,,,BEETS BUNCH 4539   BEETS PRODUCE_PLU  ,
BLACK LG PLUM,4040,,,PLUMS,produce_plu,[],,,,,BLACK LG PLUM 4040   PLUMS PRODUCE_PLU  ,
BLACK SEEDLESS GRAPE,4056,,,GRAPES,produce_plu,[],,,,,BLACK SEEDLESS GRAPE 4056   GRAPES PRODUCE_PLU  ,
BLOOD ORANGE,4381,,,ORANGES,produce_plu,[],,,,,BLOOD ORANGE 4381   ORANGES PRODUCE_PLU  ,
BLUE POTATO,3128,,,POTATOS,produce_plu,[],,,,,BLUE POTATO 3128   POTATOS PRODUCE_PLU  ,
BOK CHOY,4545,,,BOK CHOY,produce_plu,[],,,,,BOK CHOY 4545   BOK CHOY PRODUCE_PLU  ,
BOK CHOY BABY,4544,,,BOK CHOY,produce_plu,[],,,,,BOK CHOY BABY 4544   BOK CHOY PRODUCE_PLU  ,
BOK CHOY PEARL,4839,,,BOK CHOY,produce_plu,[],,,,,BOK CHOY PEARL 4839   BOK CHOY PRODUCE_PLU  ,
BOSC PEAR,4413,,,PEARS,produce_plu,[],,,,,BOSC PEAR 4413   PEARS PRODUCE_PLU  ,
BRAEBURN LG APPLE,4103,,,APPLES,produce_plu,[],,,,,BRAEBURN LG APPLE 4103   APPLES PRODUCE_PLU  ,
BRAEBURN SM APPLE,4101,,,APPLES,produce_plu,[],,,,,BRAEBURN SM APPLE 4101   APPLES PRODUCE_PLU  ,
BROCCOFLOWER,4567,,,BROCCOFLOWER,produce_plu,[],,,,,BROCCOFLOWER 4567   BROCCOFLOWER PRODUCE_PLU  ,
BROCCOLI,4060,,,BROCCOLIS,produce_plu,[],,,,,BROCCOLI 4060   BROCCOLIS PRODUCE_PLU  ,
BROCCOLI CROWNS,4548,,,BROCCOLIS,produce_plu,[],,,,,BROCCOLI CROWNS 4548   BROCCOLIS PRODUCE_PLU  ,
BROCCOLINI,3277,,,BROCCOLIS,produce_plu,[],,,,,BROCCOLINI 3277   BROCCOLIS PRODUCE_PLU  ,
BROWN CRIMINI MUSHROOM,94648,,,MUSHROOMS,produce_plu,[],,,,,BROWN CRIMINI MUSHROOM 94648   MUSHROOMS PRODUCE_PLU  ,
BRUSSEL SPROUTS,4550,,,BRUSSEL,produce_plu,[],,,,,BRUSSEL SPROUTS 4550   BRUSSEL PRODUCE_PLU  ,
BURRO BANANA,4229,,,BANANAS,produce_plu,[],,,,,BURRO BANANA 4229   BANANAS PRODUCE_PLU  ,
BUTTER NUT SQUASH,4759,,,SQUASHS,produce_plu,[],,,,,BUTTER NUT SQUASH 4759   SQUASHS PRODUCE_PLU  ,
CABBAGE GREEN,4069,,,CABBAGES,produce_plu,[],,,,,CABBAGE GREEN 4069   CABBAGES PRODUCE_PLU  ,
CABBAGE RED,4554,,,CABBAGES,produce_plu,[],,,,,CABBAGE RED 4554   CABBAGES PRODUCE_PLU  ,
CABBAGE SAVOY,4555,,,CABBAGES,produce_plu,[],,,,,CABBAGE SAVOY 4555   CABBAGES PRODUCE_PLU  ,
CABBAGE SOUR,131,,,CABBAGES,produce_plu,[],,,,,CABBAGE SOUR 131   CABBAGES PRODUCE_PLU  ,
CABBAGE TAIWAN,251,,,CABBAGES,produce_plu,[],,,,,CABBAGE TAIWAN 251   CABBAGES PRODUCE_PLU  ,
CACTUS LEAVES,4558,,,CACTUS,produce_plu,[],,,,,CACTUS LEAVES 4558   CACTUS PRODUCE_PLU  ,
CAMEO APPLE,3066,,,APPLES,produce_plu,[],,,,,CAMEO APPLE 3066   APPLES PRODUCE_PLU  ,
CANTALOUPE CUT,4343,,,CANTALOUPE,produce_plu,[],,,,,CANTALOUPE CUT 4343   CANTALOUPE PRODUCE_PLU  ,
CANTALOUPE LG MELON,4050,,,MELONS,produce_plu,[],,,,,CANTALOUPE LG MELON 4050   MELONS PRODUCE_PLU  ,
CANTALOUPE WHOLE SM,4049,,,CANTALOUPE,produce_plu,[],,,,,CANTALOUPE WHOLE SM 4049   CANTALOUPE PRODUCE_PLU  ,
CARROTS BULK,4562,,,CARROTS,produce_plu,[],,,,,CARROTS BULK 4562   CARROTS PRODUCE_PLU  ,
CARROTS BUNCH,4094,,,CARROTS,produce_plu,[],,,,,CARROTS BUNCH 4094   CARROTS PRODUCE_PLU  ,
CASABA MELON,4320,,,MELONS,produce_plu,[],,,,,CASABA MELON 4320   MELONS PRODUCE_PLU  ,
CAULIFLOWER CELLO,4079,,,CAULIFLOWERS,produce_plu,[],,,,,CAULIFLOWER CELLO 4079   CAULIFLOWERS PRODUCE_PLU  ,
CAULIFLOWER FLORETS,4566,,,CAULIFLOWERS,produce_plu,[],,,,,CAULIFLOWER FLORETS 4566   CAULIFLOWERS PRODUCE_PLU  ,
CELERY,4070,,,CELERYS,produce_plu,[],,,,,CELERY 4070   CELERYS PRODUCE_PLU  ,
CELERY CHINESE,1788,,,CELERYS,produce_plu,[],,,,,CELERY CHINESE 1788   CELERYS PRODUCE_PLU  ,
CELERY ROOT,4585,,,CELERYS,produce_plu,[],,,,,CELERY ROOT 4585   CELERYS PRODUCE_PLU  ,
CELERY STIX BULK,4576,,,CELERYS,produce_plu,[],,,,,CELERY STIX BULK 4576   CELERYS PRODUCE_PLU  ,
CELLO LETTUCE,4061,,,LETTUCES,produce_plu,[],,,,,CELLO LETTUCE 4061   LETTUCES PRODUCE_PLU  ,
CHAYOTE SQUASH,4761,,,SQUASHS,produce_plu,[],,,,,CHAYOTE SQUASH 4761   SQUASHS PRODUCE_PLU  ,
CHERIMOYA (SUGAR APPLE),4257,,,APPLES,produce_plu,[],,,,,CHERIMOYA (SUGAR APPLE) 4257   APPLES PRODUCE_PLU  ,
CHERRIES,4045,,,CHERRIES,produce_plu,[],,,,,CHERRIES 4045   CHERRIES PRODUCE_PLU  ,
CHERRY RED US TOMATO,4796,,,CHERRYS,produce_plu,[],,,,,CHERRY RED US TOMATO 4796   CHERRYS PRODUCE_PLU  ,
CHESTNUTS,4927,,,CHESTNUTS,produce_plu,[],,,,,CHESTNUTS 4927   CHESTNUTS PRODUCE_PLU  ,
CHILI PEPPER,4717,,,PEPPERS,produce_plu,[],,,,,CHILI PEPPER 4717   PEPPERS PRODUCE_PLU  ,
CHIVES FLOWERING,4888,,,CHIVES,produce_plu,[],,,,,CHIVES FLOWERING 4888   CHIVES PRODUCE_PLU  ,
CHIVES GREEN,4827,,,CHIVES,produce_plu,[],,,,,CHIVES GREEN 4827   CHIVES PRODUCE_PLU  ,
CHIVES YELLOW,4829,,,CHIVES,produce_plu,[],,,,,CHIVES YELLOW 4829   CHIVES PRODUCE_PLU  ,
CHOY YU,3164,,,CHOY,produce_plu,[],,,,,CHOY YU 3164   CHOY PRODUCE_PLU  ,
CILANTRO BUNCH,4889,,,CILANTRO,produce_plu,[],,,,,CILANTRO BUNCH 4889   CILANTRO PRODUCE_PLU  ,
COCONUT,4261,,,COCONUT,produce_plu,[],,,,,COCONUT 4261   COCONUT PRODUCE_PLU  ,
COMICE PEAR,4414,,,PEARS,produce_plu,[],,,,,COMICE PEAR 4414   PEARS PRODUCE_PLU  ,
CORN,4078,,,CORNS,produce_plu,[],,,,,CORN 4078   CORNS PRODUCE_PLU  ,
CRANBERRIES BULK,4242,,,CRANBERRIES,produce_plu,[],,,,,CRANBERRIES BULK 4242   CRANBERRIES PRODUCE_PLU  ,
CRENSHAW MELON,4322,,,MELONS,produce_plu,[],,,,,CRENSHAW MELON 4322   MELONS PRODUCE_PLU  ,
DAFFODILS,389,,,DAFFODILS,produce_plu,[],,,,,DAFFODILS 389   DAFFODILS PRODUCE_PLU  ,
DILL - BUNCHED FRESH,4892,1 each,,Fresh Herbs,produce,[],,,Loose/bunched fresh dill PLU,,DILL - BUNCHED FRESH 4892 1 EACH  FRESH HERBS PRODUCE LOOSE/BUNCHED FRESH DILL PLU ,
DILL PICKLING CUCUMBER,4596,,,CUCUMBERS,produce_plu,[],,,,,DILL PICKLING CUCUMBER 4596   CUCUMBERS PRODUCE_PLU  ,
DON QUA MELON,270,,,MELONS,produce_plu,[],,,,,DON QUA MELON 270   MELONS PRODUCE_PLU  ,
DONUT NECTARINE,3439,,,NECTARINES,produce_plu,[],,,,,DONUT NECTARINE 3439   NECTARINES PRODUCE_PLU  ,
DONUT PEACH,3113,,,PEACHS,produce_plu,[],,,,,DONUT PEACH 3113   PEACHS PRODUCE_PLU  ,
DRAGONFRUIT/PITAHAYA,4476,,,DRAGONFRUIT/PITAHAYA,produce_plu,[],,,,,DRAGONFRUIT/PITAHAYA 4476   DRAGONFRUIT/PITAHAYA PRODUCE_PLU  ,
EARTHBOUND FARM BABY SPINACH & SPRING MIX ORGANIC,00032601953010,142 g,Earthbound Farm,Packaged Greens / Salads,packaged,[],,,Organic baby spinach and spring mix,eb baby spinach spring; eb spinach,EARTHBOUND FARM BABY SPINACH & SPRING MIX ORGANIC 00032601953010 142 G EARTHBOUND FARM PACKAGED GREENS / SALADS PACKAGED ORGANIC BABY SPINACH AND SPRING MIX EB BABY SPINACH SPRING; EB SPINACH,
EARTHBOUND FARM ORGANIC BABY ARUGULA,00032601952921,142 g,Earthbound Farm,Packaged Greens / Salads,packaged,[],,,Organic baby arugula; triple washed; ready to use,eb baby arugula; eb arugula,EARTHBOUND FARM ORGANIC BABY ARUGULA 00032601952921 142 G EARTHBOUND FARM PACKAGED GREENS / SALADS PACKAGED ORGANIC BABY ARUGULA; TRIPLE WASHED; READY TO USE EB BABY ARUGULA; EB ARUGULA,
EARTHBOUND FARM ORGANIC BABY SPINACH SALAD,00032601952983,5 oz / 142 g,Earthbound Farm,Packaged Greens / Salads,packaged,[],,,Organic baby spinach salad,eb baby spinach; eb spinach,EARTHBOUND FARM ORGANIC BABY SPINACH SALAD 00032601952983 5 OZ / 142 G EARTHBOUND FARM PACKAGED GREENS / SALADS PACKAGED ORGANIC BABY SPINACH SALAD EB BABY SPINACH; EB SPINACH,
EARTHBOUND FARM ORGANIC BABY SPINACH SALAD (284 g),00032601952969,284 g,Earthbound Farm,SALAD GREENS,packaged_upc_product_number,[],,,,eb baby spinach 284; eb spinach,EARTHBOUND FARM ORGANIC BABY SPINACH SALAD (284 G) 00032601952969 284 G EARTHBOUND FARM SALAD GREENS PACKAGED_UPC_PRODUCT_NUMBER  EB BABY SPINACH 284; EB SPINACH,
EARTHBOUND FARM ORGANIC HERB SALAD (142 g),00032601953034,142 g,Earthbound Farm,SALAD GREENS,packaged_upc_product_number,[],,,,eb herb 142 g,EARTHBOUND FARM ORGANIC HERB SALAD (142 G) 00032601953034 142 G EARTHBOUND FARM SALAD GREENS PACKAGED_UPC_PRODUCT_NUMBER  EB HERB 142 G,
EARTHBOUND FARM ORGANIC KALE MIX,00032601952945,142 g,Earthbound Farm,Packaged Greens / Salads,packaged,[],,,Organic kale mix / deep green blend,eb kale mix; eb kale,EARTHBOUND FARM ORGANIC KALE MIX 00032601952945 142 G EARTHBOUND FARM PACKAGED GREENS / SALADS PACKAGED ORGANIC KALE MIX / DEEP GREEN BLEND EB KALE MIX; EB KALE,
EARTHBOUND FARM ORGANIC POWER GREENS MIX (142 g),00032601953041,142 g,Earthbound Farm,SALAD GREENS,packaged_upc_product_number,[],,,,eb power greens mix,EARTHBOUND FARM ORGANIC POWER GREENS MIX (142 G) 00032601953041 142 G EARTHBOUND FARM SALAD GREENS PACKAGED_UPC_PRODUCT_NUMBER  EB POWER GREENS MIX,
EARTHBOUND FARM ORGANIC SPINACH & SPRING MIX,00032601953003,284 g,Earthbound Farm,Packaged Greens / Salads,packaged,[],,,Organic spinach and spring mix,eb spinach spring mix; eb spinach,EARTHBOUND FARM ORGANIC SPINACH & SPRING MIX 00032601953003 284 G EARTHBOUND FARM PACKAGED GREENS / SALADS PACKAGED ORGANIC SPINACH AND SPRING MIX EB SPINACH SPRING MIX; EB SPINACH,
EARTHBOUND FARM ORGANIC SPRING MIX SALAD,00032601953645,142 g,Earthbound Farm,Packaged Greens / Salads,packaged,[],,,Organic spring mix salad,eb spring mix,EARTHBOUND FARM ORGANIC SPRING MIX SALAD 00032601953645 142 G EARTHBOUND FARM PACKAGED GREENS / SALADS PACKAGED ORGANIC SPRING MIX SALAD EB SPRING MIX,
EARTHBOUND FARM ORGANIC SPRING MIX SALAD (142 g),00032601953096,142 g,Earthbound Farm,SALAD GREENS,packaged_upc_product_number,[],,,,eb spring mix 142,EARTHBOUND FARM ORGANIC SPRING MIX SALAD (142 G) 00032601953096 142 G EARTHBOUND FARM SALAD GREENS PACKAGED_UPC_PRODUCT_NUMBER  EB SPRING MIX 142,
EARTHBOUND FARM ORGANIC SPRING MIX SALAD LARGE,00032601953089,,Earthbound Farm,Packaged Greens / Salads,packaged,[],,,Organic spring mix; alternate product number,eb spring mix large,EARTHBOUND FARM ORGANIC SPRING MIX SALAD LARGE 00032601953089  EARTHBOUND FARM PACKAGED GREENS / SALADS PACKAGED ORGANIC SPRING MIX; ALTERNATE PRODUCT NUMBER EB SPRING MIX LARGE,
EARTHBOUND FARM ORGANIC WILD RED ARUGULA,00032601954604,,Earthbound Farm,Packaged Greens / Salads,packaged,[],,,Limited harvest wild red arugula,eb wild red arugula; eb arugula,EARTHBOUND FARM ORGANIC WILD RED ARUGULA 00032601954604  EARTHBOUND FARM PACKAGED GREENS / SALADS PACKAGED LIMITED HARVEST WILD RED ARUGULA EB WILD RED ARUGULA; EB ARUGULA,
EARTHBOUND FARM SPRING MIX LETTUCE ORGANIC,00032601953072,284 g,Earthbound Farm,Packaged Greens / Salads,packaged,[],,,Organic spring mix lettuce,eb spring mix lettuce,EARTHBOUND FARM SPRING MIX LETTUCE ORGANIC 00032601953072 284 G EARTHBOUND FARM PACKAGED GREENS / SALADS PACKAGED ORGANIC SPRING MIX LETTUCE EB SPRING MIX LETTUCE,
EGGPLANT CHINESE,3089,,,EGGPLANTS,produce_plu,[],,,,,EGGPLANT CHINESE 3089   EGGPLANTS PRODUCE_PLU  ,
EGGPLANT LONG,3090,,,EGGPLANTS,produce_plu,[],,,,,EGGPLANT LONG 3090   EGGPLANTS PRODUCE_PLU  ,
EGGPLANT REGULAR,4081,,,EGGPLANTS,produce_plu,[],,,,,EGGPLANT REGULAR 4081   EGGPLANTS PRODUCE_PLU  ,
ENDIVE,4543,,,ENDIVE,produce_plu,[],,,,,ENDIVE 4543   ENDIVE PRODUCE_PLU  ,
ESPRESSO - DOUBLE,95138,,,ESPRESSO,produce_plu,[],,,,,ESPRESSO - DOUBLE 95138   ESPRESSO PRODUCE_PLU  ,
ESPRESSO - SINGLE,95141,,,ESPRESSO,produce_plu,[],,,,,ESPRESSO - SINGLE 95141   ESPRESSO PRODUCE_PLU  ,
FIELD CUCUMBER,4062,,,CUCUMBERS,produce_plu,[],,,,,FIELD CUCUMBER 4062   CUCUMBERS PRODUCE_PLU  ,
FOO QUA BITTER MELON,4783,,,MELONS,produce_plu,[],,,,,FOO QUA BITTER MELON 4783   MELONS PRODUCE_PLU  ,
FRAGRANT PEAR,3190,,,PEARS,produce_plu,[],,,,,FRAGRANT PEAR 3190   PEARS PRODUCE_PLU  ,
FRESH EXPRESS 3 COLOR DELI COLESLAW,00071279123028,,Fresh Express,SALAD GREENS,packaged_upc_product_number,[],,,,fe 3 color deli,FRESH EXPRESS 3 COLOR DELI COLESLAW 00071279123028  FRESH EXPRESS SALAD GREENS PACKAGED_UPC_PRODUCT_NUMBER  FE 3 COLOR DELI,
FRESH EXPRESS AVOCADO CAESAR CHOPPED SALAD KIT,00071279309262,,Fresh Express,SALAD KITS,packaged_upc_product_number,[],,,,fe avocado caesar chopped; fe caesar,FRESH EXPRESS AVOCADO CAESAR CHOPPED SALAD KIT 00071279309262  FRESH EXPRESS SALAD KITS PACKAGED_UPC_PRODUCT_NUMBER  FE AVOCADO CAESAR CHOPPED; FE CAESAR,
FRESH EXPRESS COLESLAW SALAD KIT,00071279126081,,Fresh Express,SALAD KITS,packaged_upc_product_number,[],,,,fe coleslaw,FRESH EXPRESS COLESLAW SALAD KIT 00071279126081  FRESH EXPRESS SALAD KITS PACKAGED_UPC_PRODUCT_NUMBER  FE COLESLAW,
FRESH EXPRESS GARDEN SALAD MIX,00071279104126,,Fresh Express,SALAD GREENS,packaged_upc_product_number,[],,,,fe garden mix,FRESH EXPRESS GARDEN SALAD MIX 00071279104126  FRESH EXPRESS SALAD GREENS PACKAGED_UPC_PRODUCT_NUMBER  FE GARDEN MIX,
FRESH EXPRESS SALSA ENSALADA SALAD KIT,00071279309514,,Fresh Express,SALAD KITS,packaged_upc_product_number,[],,,,fe salsa ensalada,FRESH EXPRESS SALSA ENSALADA SALAD KIT 00071279309514  FRESH EXPRESS SALAD KITS PACKAGED_UPC_PRODUCT_NUMBER  FE SALSA ENSALADA,
FRESH EXPRESS SUNFLOWER CRISP CHOPPED SALAD KIT,00071279309330,,Fresh Express,SALAD KITS,packaged_upc_product_number,[],,,,fe sunflower crisp chopped,FRESH EXPRESS SUNFLOWER CRISP CHOPPED SALAD KIT 00071279309330  FRESH EXPRESS SALAD KITS PACKAGED_UPC_PRODUCT_NUMBER  FE SUNFLOWER CRISP CHOPPED,
FRESH EXPRESS THAI N CASHEWS CHOPPED SALAD KIT,00071279309255,,Fresh Express,SALAD KITS,packaged_upc_product_number,[],,,,fe thai n cashews,FRESH EXPRESS THAI N CASHEWS CHOPPED SALAD KIT 00071279309255  FRESH EXPRESS SALAD KITS PACKAGED_UPC_PRODUCT_NUMBER  FE THAI N CASHEWS,
FUJI LG APPLE,4131,,,APPLES,produce_plu,[],,,,,FUJI LG APPLE 4131   APPLES PRODUCE_PLU  ,
FUJI SM APPLE,4129,,,APPLES,produce_plu,[],,,,,FUJI SM APPLE 4129   APPLES PRODUCE_PLU  ,
GAI CHOY,4607,,,GAI,produce_plu,[],,,,,GAI CHOY 4607   GAI PRODUCE_PLU  ,
GAI LAN,3160,,,GAI,produce_plu,[],,,,,GAI LAN 3160   GAI PRODUCE_PLU  ,
GAI LAN MUI,4852,,,GAI,produce_plu,[],,,,,GAI LAN MUI 4852   GAI PRODUCE_PLU  ,
GALA LG APPLE,4174,,,APPLES,produce_plu,[],,,,,GALA LG APPLE 4174   APPLES PRODUCE_PLU  ,
GALA SM APPLE,4173,,,APPLES,produce_plu,[],,,,,GALA SM APPLE 4173   APPLES PRODUCE_PLU  ,
GALIA MELON,4326,,,MELONS,produce_plu,[],,,,,GALIA MELON 4326   MELONS PRODUCE_PLU  ,
GARLIC BULK,4608,,,GARLICS,produce_plu,[],,,,,GARLIC BULK 4608   GARLICS PRODUCE_PLU  ,
GARLIC MESH 3 PACK IMPORTED,3187,,,GARLICS,produce_plu,[],,,,,GARLIC MESH 3 PACK IMPORTED 3187   GARLICS PRODUCE_PLU  ,
GINGER ROOT,4612,,,GINGERS,produce_plu,[],,,,,GINGER ROOT 4612   GINGERS PRODUCE_PLU  ,
GOLD DEL LG APPLE,3285,,,APPLES,produce_plu,[],,,,,GOLD DEL LG APPLE 3285   APPLES PRODUCE_PLU  ,
GOLDEN DEL SM APPLE,4021,,,APPLES,produce_plu,[],,,,,GOLDEN DEL SM APPLE 4021   APPLES PRODUCE_PLU  ,
GOODLEAF FARMS BABY GREENS COOL CRISP (226 g),00628308082490,226 g,Goodleaf Farms,SALAD GREENS,packaged_upc_product_number,[],,,,gl baby greens cool; gl baby greens cool,GOODLEAF FARMS BABY GREENS COOL CRISP (226 G) 00628308082490 226 G GOODLEAF FARMS SALAD GREENS PACKAGED_UPC_PRODUCT_NUMBER  GL BABY GREENS COOL; GL BABY GREENS COOL,
GOODLEAF FARMS COOL CRISP LETTUCE (113 g),00628308082476,113 g,Goodleaf Farms,SALAD GREENS,packaged_upc_product_number,[],,,,gl cool crisp lettuce; gl cool crisp lettuce,GOODLEAF FARMS COOL CRISP LETTUCE (113 G) 00628308082476 113 G GOODLEAF FARMS SALAD GREENS PACKAGED_UPC_PRODUCT_NUMBER  GL COOL CRISP LETTUCE; GL COOL CRISP LETTUCE,
GOODLEAF FARMS SPRING MIX (226 g),00628308083053,226 g,Goodleaf Farms,SALAD GREENS,packaged_upc_product_number,[],,,,gl spring mix 226; gl spring mix 226,GOODLEAF FARMS SPRING MIX (226 G) 00628308083053 226 G GOODLEAF FARMS SALAD GREENS PACKAGED_UPC_PRODUCT_NUMBER  GL SPRING MIX 226; GL SPRING MIX 226,
GOODLEAF FARMS SWEET & SPICY MIX,00628308083008,,Goodleaf Farms,SALAD GREENS,packaged_upc_product_number,[],,,,gl sweet spicy mix; gl sweet spicy mix,GOODLEAF FARMS SWEET & SPICY MIX 00628308083008  GOODLEAF FARMS SALAD GREENS PACKAGED_UPC_PRODUCT_NUMBER  GL SWEET SPICY MIX; GL SWEET SPICY MIX,
GOODLEAF FARMS TRUE NORTH BLEND,00628308083084,,Goodleaf Farms,SALAD GREENS,packaged_upc_product_number,[],,,,gl true north blend; gl true north blend,GOODLEAF FARMS TRUE NORTH BLEND 00628308083084  GOODLEAF FARMS SALAD GREENS PACKAGED_UPC_PRODUCT_NUMBER  GL TRUE NORTH BLEND; GL TRUE NORTH BLEND,
GOURDS,140,,,GOURDS,produce_plu,[],,,,,GOURDS 140   GOURDS PRODUCE_PLU  ,
GRANNY SMITH LG APPLE,4017,,,APPLES,produce_plu,[],,,,,GRANNY SMITH LG APPLE 4017   APPLES PRODUCE_PLU  ,
GRANNY SMITH SM APPLE,4139,,,APPLES,produce_plu,[],,,,,GRANNY SMITH SM APPLE 4139   APPLES PRODUCE_PLU  ,
GRAPEFRUIT RUBY LG,4281,,,GRAPES,produce_plu,[],,,,,GRAPEFRUIT RUBY LG 4281   GRAPES PRODUCE_PLU  ,
GRAPEFRUIT RUBY SM,4286,,,GRAPES,produce_plu,[],,,,,GRAPEFRUIT RUBY SM 4286   GRAPES PRODUCE_PLU  ,
GREEN BELL PEPPER,4065,,,PEPPERS,produce_plu,[],,,,,GREEN BELL PEPPER 4065   PEPPERS PRODUCE_PLU  ,
GREEN LEAF LETTUCE,4076,,,LETTUCES,produce_plu,[],,,,,GREEN LEAF LETTUCE 4076   LETTUCES PRODUCE_PLU  ,
GREEN LO BOK,269,,,GREEN,produce_plu,[],,,,,GREEN LO BOK 269   GREEN PRODUCE_PLU  ,
GREEN ONION,4068,,,ONIONS,produce_plu,[],,,,,GREEN ONION 4068   ONIONS PRODUCE_PLU  ,
GREEN ONIONS,4068,,,ONIONS,produce_plu,[],,,,,GREEN ONIONS 4068   ONIONS PRODUCE_PLU  ,
GREEN PLUM,4435,,,PLUMS,produce_plu,[],,,,,GREEN PLUM 4435   PLUMS PRODUCE_PLU  ,
GREEN SEEDLESS GRAPE,4022,,,GRAPES,produce_plu,[],,,,,GREEN SEEDLESS GRAPE 4022   GRAPES PRODUCE_PLU  ,
GREEN SERRANO PEPPER,4709,,,PEPPERS,produce_plu,[],,,,,GREEN SERRANO PEPPER 4709   PEPPERS PRODUCE_PLU  ,
GUAVA,4299,,,GUAVA,produce_plu,[],,,,,GUAVA 4299   GUAVA PRODUCE_PLU  ,
HABANERO PEPPER,3125,,,PEPPERS,produce_plu,[],,,,,HABANERO PEPPER 3125   PEPPERS PRODUCE_PLU  ,
HALF FLAT STRAWBERRIES,4252,,,HALF,produce_plu,[],,,,,HALF FLAT STRAWBERRIES 4252   HALF PRODUCE_PLU  ,
HAMI MELON,4375,,,MELONS,produce_plu,[],,,,,HAMI MELON 4375   MELONS PRODUCE_PLU  ,
HONEY CRISP APPLE,3283,,,APPLES,produce_plu,[],,,,,HONEY CRISP APPLE 3283   APPLES PRODUCE_PLU  ,
HONEYDEW GOLDEN MELON,4317,,,MELONS,produce_plu,[],,,,,HONEYDEW GOLDEN MELON 4317   MELONS PRODUCE_PLU  ,
HONEYDEW MELON,4329,,,MELONS,produce_plu,[],,,,,HONEYDEW MELON 4329   MELONS PRODUCE_PLU  ,
HONEYDEW MELONS CUT,4344,,,MELONS,produce_plu,[],,,,,HONEYDEW MELONS CUT 4344   MELONS PRODUCE_PLU  ,
HORSERADISH,4625,,,RADISHS,produce_plu,[],,,,,HORSERADISH 4625   RADISHS PRODUCE_PLU  ,
HOT CHOCOLATE - LARGE,95135,,,HOT,produce_plu,[],,,,,HOT CHOCOLATE - LARGE 95135   HOT PRODUCE_PLU  ,
HOT CHOCOLATE - SMALL,95136,,,HOT,produce_plu,[],,,,,HOT CHOCOLATE - SMALL 95136   HOT PRODUCE_PLU  ,
HOTHOUSE GREEN PEPPER,3120,,,PEPPERS,produce_plu,[],,,,,HOTHOUSE GREEN PEPPER 3120   PEPPERS PRODUCE_PLU  ,
HOTHOUSE LG TOMATO,4799,,,TOMATOS,produce_plu,[],,,,,HOTHOUSE LG TOMATO 4799   TOMATOS PRODUCE_PLU  ,
HOTHOUSE LIVING BUTTER LETTUCE,4633,,,LETTUCES,produce_plu,[],,,,,HOTHOUSE LIVING BUTTER LETTUCE 4633   LETTUCES PRODUCE_PLU  ,
HOTHOUSE ON VINE ORANGE TOMATO,3149,,,ORANGES,produce_plu,[],,,,,HOTHOUSE ON VINE ORANGE TOMATO 3149   ORANGES PRODUCE_PLU  ,
HOTHOUSE ON VINE RED TOMATO,4664,,,TOMATOS,produce_plu,[],,,,,HOTHOUSE ON VINE RED TOMATO 4664   TOMATOS PRODUCE_PLU  ,
HOTHOUSE ON VINE YELLOW TOMATO,3148,,,TOMATOS,produce_plu,[],,,,,HOTHOUSE ON VINE YELLOW TOMATO 3148   TOMATOS PRODUCE_PLU  ,
HOTHOUSE ORANGE PEPPER,3121,,,ORANGES,produce_plu,[],,,,,HOTHOUSE ORANGE PEPPER 3121   ORANGES PRODUCE_PLU  ,
HOTHOUSE RED PEPPER,4688,,,PEPPERS,produce_plu,[],,,,,HOTHOUSE RED PEPPER 4688   PEPPERS PRODUCE_PLU  ,
HOTHOUSE YELLOW PEPPER,4689,,,PEPPERS,produce_plu,[],,,,,HOTHOUSE YELLOW PEPPER 4689   PEPPERS PRODUCE_PLU  ,
JALAPENO GREEN PEPPER,4693,,,PEPPERS,produce_plu,[],,,,,JALAPENO GREEN PEPPER 4693   PEPPERS PRODUCE_PLU  ,
JAZZ APPLE,3293,,,APPLES,produce_plu,[],,,,,JAZZ APPLE 3293   APPLES PRODUCE_PLU  ,
JICAMA ROOT,4626,,,JICAMA,produce_plu,[],,,,,JICAMA ROOT 4626   JICAMA PRODUCE_PLU  ,
JONAGOLD LG APPLE,4147,,,APPLES,produce_plu,[],,,,,JONAGOLD LG APPLE 4147   APPLES PRODUCE_PLU  ,
JONAGOLD SM APPLE,4145,,,APPLES,produce_plu,[],,,,,JONAGOLD SM APPLE 4145   APPLES PRODUCE_PLU  ,
JUMBO ONION,4093,,,ONIONS,produce_plu,[],,,,,JUMBO ONION 4093   ONIONS PRODUCE_PLU  ,
KABOCHA/BUTTERCUP SQUASH,4758,,,SQUASHS,produce_plu,[],,,,,KABOCHA/BUTTERCUP SQUASH 4758   SQUASHS PRODUCE_PLU  ,
KALE GREENS,4627,,,KALES,produce_plu,[],,,,,KALE GREENS 4627   KALES PRODUCE_PLU  ,
KALE RED,4854,,,KALES,produce_plu,[],,,,,KALE RED 4854   KALES PRODUCE_PLU  ,
KHOLRABI,4628,,,KHOLRABI,produce_plu,[],,,,,KHOLRABI 4628   KHOLRABI PRODUCE_PLU  ,
KIWANO,4302,,,KIWANO,produce_plu,[],,,,,KIWANO 4302   KIWANO PRODUCE_PLU  ,
KIWANO/HORNED MELON MELON,4302,,,MELONS,produce_plu,[],,,,,KIWANO/HORNED MELON MELON 4302   MELONS PRODUCE_PLU  ,
KIWI,4030,,,KIWIS,produce_plu,[],,,,,KIWI 4030   KIWIS PRODUCE_PLU  ,
KIWI GOLD,3279,,,KIWIS,produce_plu,[],,,,,KIWI GOLD 3279   KIWIS PRODUCE_PLU  ,
KOREAN MELON,4504,,,MELONS,produce_plu,[],,,,,KOREAN MELON 4504   MELONS PRODUCE_PLU  ,
KUMQUATS,4303,,,KUMQUATS,produce_plu,[],,,,,KUMQUATS 4303   KUMQUATS PRODUCE_PLU  ,
LAPINS CHERRIES,4478,,,LAPINS,produce_plu,[],,,,,LAPINS CHERRIES 4478   LAPINS PRODUCE_PLU  ,
LARGE PEACH,4044,,,PEACHS,produce_plu,[],,,,,LARGE PEACH 4044   PEACHS PRODUCE_PLU  ,
LATTE - LARGE,95142,,,LATTE,produce_plu,[],,,,,LATTE - LARGE 95142   LATTE PRODUCE_PLU  ,
LATTE - SMALL,95144,,,LATTE,produce_plu,[],,,,,LATTE - SMALL 95144   LATTE PRODUCE_PLU  ,
LEEKS,4629,,,LEEKS,produce_plu,[],,,,,LEEKS 4629   LEEKS PRODUCE_PLU  ,
LEMONGRASS,4894,,,LEMONGRASS,produce_plu,[],,,,,LEMONGRASS 4894   LEMONGRASS PRODUCE_PLU  ,
LEMONS LG,4053,,,LEMONS,produce_plu,[],,,,,LEMONS LG 4053   LEMONS PRODUCE_PLU  ,
LG FIELD TOMATO,4064,,,TOMATOS,produce_plu,[],,,,,LG FIELD TOMATO 4064   TOMATOS PRODUCE_PLU  ,
LG NECTARINE,4036,,,NECTARINES,produce_plu,[],,,,,LG NECTARINE 4036   NECTARINES PRODUCE_PLU  ,
LG PEACH,4038,,,PEACHS,produce_plu,[],,,,,LG PEACH 4038   PEACHS PRODUCE_PLU  ,
LIMES,4048,,,LIMES,produce_plu,[],,,,,LIMES 4048   LIMES PRODUCE_PLU  ,
LO BOK - DAIKON,4598,,,LO,produce_plu,[],,,,,LO BOK - DAIKON 4598   LO PRODUCE_PLU  ,
LONG ENGLISH CUCUMBER,4593,,,CUCUMBERS,produce_plu,[],,,,,LONG ENGLISH CUCUMBER 4593   CUCUMBERS PRODUCE_PLU  ,
LONG ENGLISH CUKE,3185,,,LONG,produce_plu,[],,,,,LONG ENGLISH CUKE 3185   LONG PRODUCE_PLU  ,
LONGAN,4307,,,LONGAN,produce_plu,[],,,,,LONGAN 4307   LONGAN PRODUCE_PLU  ,
LOTUS ROOT,3099,,,LOTUS,produce_plu,[],,,,,LOTUS ROOT 3099   LOTUS PRODUCE_PLU  ,
LYCHEES,4309,,,LYCHEES,produce_plu,[],,,,,LYCHEES 4309   LYCHEES PRODUCE_PLU  ,
MALANGA ROOT,4644,,,MALANGA,produce_plu,[],,,,,MALANGA ROOT 4644   MALANGA PRODUCE_PLU  ,
MANDARIN ORANGES AOSHIMA,4457,,,ORANGES,produce_plu,[],,,,,MANDARIN ORANGES AOSHIMA 4457   ORANGES PRODUCE_PLU  ,
MANDARINS ORANGE,4450,,,ORANGES,produce_plu,[],,,,,MANDARINS ORANGE 4450   ORANGES PRODUCE_PLU  ,
MANDARINS ORANGES BULK CHINESE,4055,,,ORANGES,produce_plu,[],,,,,MANDARINS ORANGES BULK CHINESE 4055   ORANGES PRODUCE_PLU  ,
MANGOES,4051,,,MANGOS,produce_plu,[],,,,,MANGOES 4051   MANGOS PRODUCE_PLU  ,
MANGOES ATAULFO,4312,,,MANGOS,produce_plu,[],,,,,MANGOES ATAULFO 4312   MANGOS PRODUCE_PLU  ,
MANGOES CASE LOT,1784,,,MANGOS,produce_plu,[],,,,,MANGOES CASE LOT 1784   MANGOS PRODUCE_PLU  ,
MANGOSTEEN,3042,,,MANGOS,produce_plu,[],,,,,MANGOSTEEN 3042   MANGOS PRODUCE_PLU  ,
MARMALADE/SEVILLE ORANGE,3109,,,ORANGES,produce_plu,[],,,,,MARMALADE/SEVILLE ORANGE 3109   ORANGES PRODUCE_PLU  ,
MCINTOSH APPLE,4153,,,APPLES,produce_plu,[],,,,,MCINTOSH APPLE 4153   APPLES PRODUCE_PLU  ,
MCINTOSH LG APPLE,4154,,,APPLES,produce_plu,[],,,,,MCINTOSH LG APPLE 4154   APPLES PRODUCE_PLU  ,
MEDIUM ONION,4665,,,ONIONS,produce_plu,[],,,,,MEDIUM ONION 4665   ONIONS PRODUCE_PLU  ,
MINI CUCUMBER,4592,,,CUCUMBERS,produce_plu,[],,,,,MINI CUCUMBER 4592   CUCUMBERS PRODUCE_PLU  ,
MINT - LEAVES BUNCHED FRESH,4896,1 each,,Fresh Herbs,produce,[],,,Loose/bunched fresh mint PLU,,MINT - LEAVES BUNCHED FRESH 4896 1 EACH  FRESH HERBS PRODUCE LOOSE/BUNCHED FRESH MINT PLU ,
MOCHA - LARGE,95133,,,MOCHA,produce_plu,[],,,,,MOCHA - LARGE 95133   MOCHA PRODUCE_PLU  ,
MOCHA - SMALL,95134,,,MOCHA,produce_plu,[],,,,,MOCHA - SMALL 95134   MOCHA PRODUCE_PLU  ,
MOO QUA MELON,306,,,MELONS,produce_plu,[],,,,,MOO QUA MELON 306   MELONS PRODUCE_PLU  ,
MUSK MELON,4318,,,MELONS,produce_plu,[],,,,,MUSK MELON 4318   MELONS PRODUCE_PLU  ,
NAVEL LG ORANGE,3107,,,ORANGES,produce_plu,[],,,,,NAVEL LG ORANGE 3107   ORANGES PRODUCE_PLU  ,
NAVEL SM ORANGE,4013,,,ORANGES,produce_plu,[],,,,,NAVEL SM ORANGE 4013   ORANGES PRODUCE_PLU  ,
NAVEL X-LG ORANGE,4012,,,ORANGES,produce_plu,[],,,,,NAVEL X-LG ORANGE 4012   ORANGES PRODUCE_PLU  ,
NUGGETS LOCAL POTATO,4729,,,POTATOS,produce_plu,[],,,,,NUGGETS LOCAL POTATO 4729   POTATOS PRODUCE_PLU  ,
NUGGETS RED POTATO,4723,,,POTATOS,produce_plu,[],,,,,NUGGETS RED POTATO 4723   POTATOS PRODUCE_PLU  ,
NUGGETS YELLOW POTATO,267,,,POTATOS,produce_plu,[],,,,,NUGGETS YELLOW POTATO 267   POTATOS PRODUCE_PLU  ,
OKRA,4655,,,OKRA,produce_plu,[],,,,,OKRA 4655   OKRA PRODUCE_PLU  ,
OPO,3141,,,OPO,produce_plu,[],,,,,OPO 3141   OPO PRODUCE_PLU  ,
ORANGE FIELD PEPPER,4682,,,ORANGES,produce_plu,[],,,,,ORANGE FIELD PEPPER 4682   ORANGES PRODUCE_PLU  ,
ORANGE HONEYDEW MELON,4326,,,MELONS,produce_plu,[],,,,,ORANGE HONEYDEW MELON 4326   MELONS PRODUCE_PLU  ,
ORG ACORN SQUASH,94750,,,CORNS,produce_plu,[],,,,organic acorn squash,ORG ACORN SQUASH 94750   CORNS PRODUCE_PLU  ORGANIC ACORN SQUASH,
ORG AMBROSIA APPLE,94210,,,APPLES,produce_plu,[],,,,organic ambrosia apple,ORG AMBROSIA APPLE 94210   APPLES PRODUCE_PLU  ORGANIC AMBROSIA APPLE,
ORG APRICOTS,94218,,,APRICOTS,produce_plu,[],,,,organic apricots,ORG APRICOTS 94218   APRICOTS PRODUCE_PLU  ORGANIC APRICOTS,
ORG ARUGULA,94884,,,ARUGULA,produce_plu,[],,,,organic arugula,ORG ARUGULA 94884   ARUGULA PRODUCE_PLU  ORGANIC ARUGULA,
ORG ASPARAGUS,94080,,,ASPARAGUS,produce_plu,[],,,,organic asparagus,ORG ASPARAGUS 94080   ASPARAGUS PRODUCE_PLU  ORGANIC ASPARAGUS,
ORG AVOCADOS,94046,,,AVOCADOS,produce_plu,[],,,,organic avocados,ORG AVOCADOS 94046   AVOCADOS PRODUCE_PLU  ORGANIC AVOCADOS,
ORG BABY BOK CHOY,94544,,,BOK CHOY,produce_plu,[],,,,organic baby bok choy,ORG BABY BOK CHOY 94544   BOK CHOY PRODUCE_PLU  ORGANIC BABY BOK CHOY,
ORG BANANAS,94011,,,BANANAS,produce_plu,[],,,,organic bananas,ORG BANANAS 94011   BANANAS PRODUCE_PLU  ORGANIC BANANAS,
ORG BARTLETT PEAR,94410,,,PEARS,produce_plu,[],,,,organic bartlett pear,ORG BARTLETT PEAR 94410   PEARS PRODUCE_PLU  ORGANIC BARTLETT PEAR,
ORG BEANS GREEN,94066,,,BEANS,produce_plu,[],,,,organic beans green,ORG BEANS GREEN 94066   BEANS PRODUCE_PLU  ORGANIC BEANS GREEN,
ORG BEETS BULK,94540,,,BEETS,produce_plu,[],,,,organic beets bulk,ORG BEETS BULK 94540   BEETS PRODUCE_PLU  ORGANIC BEETS BULK,
ORG BEETS BUNCH,94539,,,BEETS,produce_plu,[],,,,organic beets bunch,ORG BEETS BUNCH 94539   BEETS PRODUCE_PLU  ORGANIC BEETS BUNCH,
ORG BEETS GOLDEN,93273,,,BEETS,produce_plu,[],,,,organic beets golden,ORG BEETS GOLDEN 93273   BEETS PRODUCE_PLU  ORGANIC BEETS GOLDEN,
ORG BLACK GRAPE,94056,,,GRAPES,produce_plu,[],,,,organic black grape,ORG BLACK GRAPE 94056   GRAPES PRODUCE_PLU  ORGANIC BLACK GRAPE,
ORG BROCCOLI,94060,,,BROCCOLIS,produce_plu,[],,,,organic broccoli,ORG BROCCOLI 94060   BROCCOLIS PRODUCE_PLU  ORGANIC BROCCOLI,
ORG BUTTER LETTUCE,94632,,,LETTUCES,produce_plu,[],,,,organic butter lettuce,ORG BUTTER LETTUCE 94632   LETTUCES PRODUCE_PLU  ORGANIC BUTTER LETTUCE,
ORG BUTTER NUT SQUASH,94759,,,SQUASHS,produce_plu,[],,,,organic butter nut squash,ORG BUTTER NUT SQUASH 94759   SQUASHS PRODUCE_PLU  ORGANIC BUTTER NUT SQUASH,
ORG BUTTERCUP SQUASH,94758,,,SQUASHS,produce_plu,[],,,,organic buttercup squash,ORG BUTTERCUP SQUASH 94758   SQUASHS PRODUCE_PLU  ORGANIC BUTTERCUP SQUASH,
ORG CABBAGE GREEN,94069,,,CABBAGES,produce_plu,[],,,,organic cabbage green,ORG CABBAGE GREEN 94069   CABBAGES PRODUCE_PLU  ORGANIC CABBAGE GREEN,
ORG CABBAGE RED,94554,,,CABBAGES,produce_plu,[],,,,organic cabbage red,ORG CABBAGE RED 94554   CABBAGES PRODUCE_PLU  ORGANIC CABBAGE RED,
ORG CAMEO APPLE,93066,,,APPLES,produce_plu,[],,,,organic cameo apple,ORG CAMEO APPLE 93066   APPLES PRODUCE_PLU  ORGANIC CAMEO APPLE,
ORG CANTALOUPE,94049,,,CANTALOUPE,produce_plu,[],,,,organic cantaloupe,ORG CANTALOUPE 94049   CANTALOUPE PRODUCE_PLU  ORGANIC CANTALOUPE,
ORG CARA CARA NAVELS ORANGE,93110,,,ORANGES,produce_plu,[],,,,organic cara cara navels orange,ORG CARA CARA NAVELS ORANGE 93110   ORANGES PRODUCE_PLU  ORGANIC CARA CARA NAVELS ORANGE,
ORG CARROTS BUNCH,94094,,,CARROTS,produce_plu,[],,,,organic carrots bunch,ORG CARROTS BUNCH 94094   CARROTS PRODUCE_PLU  ORGANIC CARROTS BUNCH,
ORG CAULIFLOWER,94079,,,CAULIFLOWERS,produce_plu,[],,,,organic cauliflower,ORG CAULIFLOWER 94079   CAULIFLOWERS PRODUCE_PLU  ORGANIC CAULIFLOWER,
ORG CELERY,94070,,,CELERYS,produce_plu,[],,,,organic celery,ORG CELERY 94070   CELERYS PRODUCE_PLU  ORGANIC CELERY,
ORG CHERRIES,94045,,,CHERRIES,produce_plu,[],,,,organic cherries,ORG CHERRIES 94045   CHERRIES PRODUCE_PLU  ORGANIC CHERRIES,
ORG CILANTRO,94889,,,CILANTRO,produce_plu,[],,,,organic cilantro,ORG CILANTRO 94889   CILANTRO PRODUCE_PLU  ORGANIC CILANTRO,
ORG COLLARD GREENS,94614,,,COLLARD,produce_plu,[],,,,organic collard greens,ORG COLLARD GREENS 94614   COLLARD PRODUCE_PLU  ORGANIC COLLARD GREENS,
ORG DANDELION GREENS,94615,,,DANDELION,produce_plu,[],,,,organic dandelion greens,ORG DANDELION GREENS 94615   DANDELION PRODUCE_PLU  ORGANIC DANDELION GREENS,
ORG EGGPLANT,94081,,,EGGPLANTS,produce_plu,[],,,,organic eggplant,ORG EGGPLANT 94081   EGGPLANTS PRODUCE_PLU  ORGANIC EGGPLANT,
ORG FENNEL,94515,,,FENNEL,produce_plu,[],,,,organic fennel,ORG FENNEL 94515   FENNEL PRODUCE_PLU  ORGANIC FENNEL,
ORG FIELD CUCUMBER,94062,,,CUCUMBERS,produce_plu,[],,,,organic field cucumber,ORG FIELD CUCUMBER 94062   CUCUMBERS PRODUCE_PLU  ORGANIC FIELD CUCUMBER,
ORG FIELD TOMATO,94064,,,TOMATOS,produce_plu,[],,,,organic field tomato,ORG FIELD TOMATO 94064   TOMATOS PRODUCE_PLU  ORGANIC FIELD TOMATO,
ORG FUJI APPLE,94131,,,APPLES,produce_plu,[],,,,organic fuji apple,ORG FUJI APPLE 94131   APPLES PRODUCE_PLU  ORGANIC FUJI APPLE,
ORG GALA APPLE,94174,,,APPLES,produce_plu,[],,,,organic gala apple,ORG GALA APPLE 94174   APPLES PRODUCE_PLU  ORGANIC GALA APPLE,
ORG GOLDEN DEL APPLE,94020,,,APPLES,produce_plu,[],,,,organic golden del apple,ORG GOLDEN DEL APPLE 94020   APPLES PRODUCE_PLU  ORGANIC GOLDEN DEL APPLE,
ORG GRANNY SMITH APPLE,94139,,,APPLES,produce_plu,[],,,,organic granny smith apple,ORG GRANNY SMITH APPLE 94139   APPLES PRODUCE_PLU  ORGANIC GRANNY SMITH APPLE,
ORG GRAPEFRUIT LG,94282,,,GRAPES,produce_plu,[],,,,organic grapefruit lg,ORG GRAPEFRUIT LG 94282   GRAPES PRODUCE_PLU  ORGANIC GRAPEFRUIT LG,
ORG GRAPEFRUIT SM,94286,,,GRAPES,produce_plu,[],,,,organic grapefruit sm,ORG GRAPEFRUIT SM 94286   GRAPES PRODUCE_PLU  ORGANIC GRAPEFRUIT SM,
ORG GREEN GRAPE,94022,,,GRAPES,produce_plu,[],,,,organic green grape,ORG GREEN GRAPE 94022   GRAPES PRODUCE_PLU  ORGANIC GREEN GRAPE,
ORG GREEN LEAF LETTUCE,94076,,,LETTUCES,produce_plu,[],,,,organic green leaf lettuce,ORG GREEN LEAF LETTUCE 94076   LETTUCES PRODUCE_PLU  ORGANIC GREEN LEAF LETTUCE,
ORG GREEN ONION,94068,,,ONIONS,produce_plu,[],,,,organic green onion,ORG GREEN ONION 94068   ONIONS PRODUCE_PLU  ORGANIC GREEN ONION,
ORG GREEN ONIONS,94068,,,ONIONS,produce_plu,[],,,,organic green onions,ORG GREEN ONIONS 94068   ONIONS PRODUCE_PLU  ORGANIC GREEN ONIONS,
ORG GREEN PEPPER,94065,,,PEPPERS,produce_plu,[],,,,organic green pepper,ORG GREEN PEPPER 94065   PEPPERS PRODUCE_PLU  ORGANIC GREEN PEPPER,
ORG HEAD LETTUCE,94061,,,LETTUCES,produce_plu,[],,,,organic head lettuce,ORG HEAD LETTUCE 94061   LETTUCES PRODUCE_PLU  ORGANIC HEAD LETTUCE,
ORG HEIRLOOM TOMATO,93423,,,TOMATOS,produce_plu,[],,,,organic heirloom tomato,ORG HEIRLOOM TOMATO 93423   TOMATOS PRODUCE_PLU  ORGANIC HEIRLOOM TOMATO,
ORG HONEY CRISP APPLE,93283,,,APPLES,produce_plu,[],,,,organic honey crisp apple,ORG HONEY CRISP APPLE 93283   APPLES PRODUCE_PLU  ORGANIC HONEY CRISP APPLE,
ORG HONEYDEW MELON,94329,,,MELONS,produce_plu,[],,,,organic honeydew melon,ORG HONEYDEW MELON 94329   MELONS PRODUCE_PLU  ORGANIC HONEYDEW MELON,
ORG HONEYDEW MELONS,94034,,,MELONS,produce_plu,[],,,,organic honeydew melons,ORG HONEYDEW MELONS 94034   MELONS PRODUCE_PLU  ORGANIC HONEYDEW MELONS,
ORG HOTHOUSE ON VINE TOMATO,94664,,,TOMATOS,produce_plu,[],,,,organic hothouse on vine tomato,ORG HOTHOUSE ON VINE TOMATO 94664   TOMATOS PRODUCE_PLU  ORGANIC HOTHOUSE ON VINE TOMATO,
ORG HOTHOUSE TOMATO,94799,,,TOMATOS,produce_plu,[],,,,organic hothouse tomato,ORG HOTHOUSE TOMATO 94799   TOMATOS PRODUCE_PLU  ORGANIC HOTHOUSE TOMATO,
ORG JONAGOLD APPLE,94145,,,APPLES,produce_plu,[],,,,organic jonagold apple,ORG JONAGOLD APPLE 94145   APPLES PRODUCE_PLU  ORGANIC JONAGOLD APPLE,
ORG KABOCHA SQUASH,94769,,,SQUASHS,produce_plu,[],,,,organic kabocha squash,ORG KABOCHA SQUASH 94769   SQUASHS PRODUCE_PLU  ORGANIC KABOCHA SQUASH,
ORG KALE,94627,,,KALES,produce_plu,[],,,,organic kale,ORG KALE 94627   KALES PRODUCE_PLU  ORGANIC KALE,
ORG KIWI,94030,,,KIWIS,produce_plu,[],,,,organic kiwi,ORG KIWI 94030   KIWIS PRODUCE_PLU  ORGANIC KIWI,
ORG LEEKS,94629,,,LEEKS,produce_plu,[],,,,organic leeks,ORG LEEKS 94629   LEEKS PRODUCE_PLU  ORGANIC LEEKS,
ORG LEMONS,94053,,,LEMONS,produce_plu,[],,,,organic lemons,ORG LEMONS 94053   LEMONS PRODUCE_PLU  ORGANIC LEMONS,
ORG LONG ENGLISH CUCUMBER,94593,,,CUCUMBERS,produce_plu,[],,,,organic long english cucumber,ORG LONG ENGLISH CUCUMBER 94593   CUCUMBERS PRODUCE_PLU  ORGANIC LONG ENGLISH CUCUMBER,
ORG MANGOES,94051,,,MANGOS,produce_plu,[],,,,organic mangoes,ORG MANGOES 94051   MANGOS PRODUCE_PLU  ORGANIC MANGOES,
ORG MANGOES ATAULFO,94312,,,MANGOS,produce_plu,[],,,,organic mangoes ataulfo,ORG MANGOES ATAULFO 94312   MANGOS PRODUCE_PLU  ORGANIC MANGOES ATAULFO,
ORG MCINTOSH APPLE,94153,,,APPLES,produce_plu,[],,,,organic mcintosh apple,ORG MCINTOSH APPLE 94153   APPLES PRODUCE_PLU  ORGANIC MCINTOSH APPLE,
ORG MUSTARD GREENS,94616,,,MUSTARD,produce_plu,[],,,,organic mustard greens,ORG MUSTARD GREENS 94616   MUSTARD PRODUCE_PLU  ORGANIC MUSTARD GREENS,
ORG NAVEL SMALL ORANGE,94013,,,ORANGES,produce_plu,[],,,,organic navel small orange,ORG NAVEL SMALL ORANGE 94013   ORANGES PRODUCE_PLU  ORGANIC NAVEL SMALL ORANGE,
ORG NECTARINES,94035,,,NECTARINES,produce_plu,[],,,,organic nectarines,ORG NECTARINES 94035   NECTARINES PRODUCE_PLU  ORGANIC NECTARINES,
ORG ORANGE PEPPER,94682,,,ORANGES,produce_plu,[],,,,organic orange pepper,ORG ORANGE PEPPER 94682   ORANGES PRODUCE_PLU  ORGANIC ORANGE PEPPER,
ORG ORANGES,93108,,,ORANGES,produce_plu,[],,,,organic oranges,ORG ORANGES 93108   ORANGES PRODUCE_PLU  ORGANIC ORANGES,
ORG PAPAYA SUNRISE,93111,,,PAPAYAS,produce_plu,[],,,,organic papaya sunrise,ORG PAPAYA SUNRISE 93111   PAPAYAS PRODUCE_PLU  ORGANIC PAPAYA SUNRISE,
ORG PARSLEY ITALIAN,94901,,,PARSLEY,produce_plu,[],,,,organic parsley italian,ORG PARSLEY ITALIAN 94901   PARSLEY PRODUCE_PLU  ORGANIC PARSLEY ITALIAN,
ORG PEACHES,94044,,,PEACHS,produce_plu,[],,,,organic peaches,ORG PEACHES 94044   PEACHS PRODUCE_PLU  ORGANIC PEACHES,
ORG PEARS,94416,,,PEARS,produce_plu,[],,,,organic pears,ORG PEARS 94416   PEARS PRODUCE_PLU  ORGANIC PEARS,
ORG PEARS,94024,,,PEARS,produce_plu,[],,,,organic pears,ORG PEARS 94024   PEARS PRODUCE_PLU  ORGANIC PEARS,
ORG PINEAPPLE,94029,,,APPLES,produce_plu,[],,,,organic pineapple,ORG PINEAPPLE 94029   APPLES PRODUCE_PLU  ORGANIC PINEAPPLE,
ORG PINK LADY APPLE,94128,,,APPLES,produce_plu,[],,,,organic pink lady apple,ORG PINK LADY APPLE 94128   APPLES PRODUCE_PLU  ORGANIC PINK LADY APPLE,
ORG PLUMS,94040,,,PLUMS,produce_plu,[],,,,organic plums,ORG PLUMS 94040   PLUMS PRODUCE_PLU  ORGANIC PLUMS,
ORG POMEGRANATE,93127,,,POMEGRANATE,produce_plu,[],,,,organic pomegranate,ORG POMEGRANATE 93127   POMEGRANATE PRODUCE_PLU  ORGANIC POMEGRANATE,
ORG RADISHES,94089,,,RADISHS,produce_plu,[],,,,organic radishes,ORG RADISHES 94089   RADISHS PRODUCE_PLU  ORGANIC RADISHES,
ORG RADISHES WHITE,94740,,,RADISHS,produce_plu,[],,,,organic radishes white,ORG RADISHES WHITE 94740   RADISHS PRODUCE_PLU  ORGANIC RADISHES WHITE,
ORG RED DEL APPLE,94016,,,APPLES,produce_plu,[],,,,organic red del apple,ORG RED DEL APPLE 94016   APPLES PRODUCE_PLU  ORGANIC RED DEL APPLE,
ORG RED GRAPE,94023,,,GRAPES,produce_plu,[],,,,organic red grape,ORG RED GRAPE 94023   GRAPES PRODUCE_PLU  ORGANIC RED GRAPE,
ORG RED LEAF LETTUCE,94075,,,LETTUCES,produce_plu,[],,,,organic red leaf lettuce,ORG RED LEAF LETTUCE 94075   LETTUCES PRODUCE_PLU  ORGANIC RED LEAF LETTUCE,
ORG RED PEPPER,94088,,,PEPPERS,produce_plu,[],,,,organic red pepper,ORG RED PEPPER 94088   PEPPERS PRODUCE_PLU  ORGANIC RED PEPPER,
ORG RED PEPPER,94688,,,PEPPERS,produce_plu,[],,,,organic red pepper,ORG RED PEPPER 94688   PEPPERS PRODUCE_PLU  ORGANIC RED PEPPER,
ORG ROMA TOMATO,94087,,,TOMATOS,produce_plu,[],,,,organic roma tomato,ORG ROMA TOMATO 94087   TOMATOS PRODUCE_PLU  ORGANIC ROMA TOMATO,
ORG ROMAINE LETTUCE,94640,,,LETTUCES,produce_plu,[],,,,organic romaine lettuce,ORG ROMAINE LETTUCE 94640   LETTUCES PRODUCE_PLU  ORGANIC ROMAINE LETTUCE,
ORG SATSUMA ORANGE,93029,,,ORANGES,produce_plu,[],,,,organic satsuma orange,ORG SATSUMA ORANGE 93029   ORANGES PRODUCE_PLU  ORGANIC SATSUMA ORANGE,
ORG SPAGHETTI SQUASH,94776,,,SQUASHS,produce_plu,[],,,,organic spaghetti squash,ORG SPAGHETTI SQUASH 94776   SQUASHS PRODUCE_PLU  ORGANIC SPAGHETTI SQUASH,
ORG SPARTAN APPLE,94180,,,APPLES,produce_plu,[],,,,organic spartan apple,ORG SPARTAN APPLE 94180   APPLES PRODUCE_PLU  ORGANIC SPARTAN APPLE,
ORG SPINACH,94090,,,SPINACH,produce_plu,[],,,,organic spinach,ORG SPINACH 94090   SPINACH PRODUCE_PLU  ORGANIC SPINACH,
ORG SPRING MIX LETTUCE,94847,,,LETTUCES,produce_plu,[],,,,organic spring mix lettuce,ORG SPRING MIX LETTUCE 94847   LETTUCES PRODUCE_PLU  ORGANIC SPRING MIX LETTUCE,
ORG SUGAR PEAS,94675,,,SUGAR,produce_plu,[],,,,organic sugar peas,ORG SUGAR PEAS 94675   SUGAR PRODUCE_PLU  ORGANIC SUGAR PEAS,
ORG SUNRISE APPLE,94109,,,APPLES,produce_plu,[],,,,organic sunrise apple,ORG SUNRISE APPLE 94109   APPLES PRODUCE_PLU  ORGANIC SUNRISE APPLE,
ORG SWISS CHARD RED,94587,,,SWISS,produce_plu,[],,,,organic swiss chard red,ORG SWISS CHARD RED 94587   SWISS PRODUCE_PLU  ORGANIC SWISS CHARD RED,
ORG WATER MELON MINI,93421,,,MELONS,produce_plu,[],,,,organic water melon mini,ORG WATER MELON MINI 93421   MELONS PRODUCE_PLU  ORGANIC WATER MELON MINI,
ORG WATERMELON,94031,,,MELONS,produce_plu,[],,,,organic watermelon,ORG WATERMELON 94031   MELONS PRODUCE_PLU  ORGANIC WATERMELON,
ORG WHITE MUSHROOM,94085,,,MUSHROOMS,produce_plu,[],,,,organic white mushroom,ORG WHITE MUSHROOM 94085   MUSHROOMS PRODUCE_PLU  ORGANIC WHITE MUSHROOM,
ORG YELLOW PEPPER,94680,,,PEPPERS,produce_plu,[],,,,organic yellow pepper,ORG YELLOW PEPPER 94680   PEPPERS PRODUCE_PLU  ORGANIC YELLOW PEPPER,
ORG ZUCCHINI SQUASH,94067,,,SQUASHS,produce_plu,[],,,,organic zucchini squash,ORG ZUCCHINI SQUASH 94067   SQUASHS PRODUCE_PLU  ORGANIC ZUCCHINI SQUASH,
PACKHAM PEAR,4421,,,PEARS,produce_plu,[],,,,,PACKHAM PEAR 4421   PEARS PRODUCE_PLU  ,
PAPAYA RED MARADOL,3112,,,PAPAYAS,produce_plu,[],,,,,PAPAYA RED MARADOL 3112   PAPAYAS PRODUCE_PLU  ,
PAPAYA SOLO,4052,,,PAPAYAS,produce_plu,[],,,,,PAPAYA SOLO 4052   PAPAYAS PRODUCE_PLU  ,
PAPAYAS GREEN COOKING,4395,,,PAPAYAS,produce_plu,[],,,,,PAPAYAS GREEN COOKING 4395   PAPAYAS PRODUCE_PLU  ,
PAPAYAS STRAWBERRY,4396,,,PAPAYAS,produce_plu,[],,,,,PAPAYAS STRAWBERRY 4396   PAPAYAS PRODUCE_PLU  ,
PARSLEY,4899,,,PARSLEY,produce_plu,[],,,,,PARSLEY 4899   PARSLEY PRODUCE_PLU  ,
PARSNIPS BULK,4672,,,PARSNIPS,produce_plu,[],,,,,PARSNIPS BULK 4672   PARSNIPS PRODUCE_PLU  ,
PASSION FRUIT,3038,,,PASSION,produce_plu,[],,,,,PASSION FRUIT 3038   PASSION PRODUCE_PLU  ,
PASSION FRUIT PURPLE,4397,,,PASSION,produce_plu,[],,,,,PASSION FRUIT PURPLE 4397   PASSION PRODUCE_PLU  ,
PEA TIPS,4502,,,PEA,produce_plu,[],,,,,PEA TIPS 4502   PEA PRODUCE_PLU  ,
PEACH-A-RINE,3195,,,PEACHS,produce_plu,[],,,,,PEACH-A-RINE 3195   PEACHS PRODUCE_PLU  ,
PEAS SUGAR CELLO,4676,,,PEAS,produce_plu,[],,,,,PEAS SUGAR CELLO 4676   PEAS PRODUCE_PLU  ,
PECANS,4936,,,PECANS,produce_plu,[],,,,,PECANS 4936   PECANS PRODUCE_PLU  ,
PEPINO MELON,4333,,,MELONS,produce_plu,[],,,,,PEPINO MELON 4333   MELONS PRODUCE_PLU  ,
PERSIMMONS FUYU,4428,,,PERSIMMONS,produce_plu,[],,,,,PERSIMMONS FUYU 4428   PERSIMMONS PRODUCE_PLU  ,
PINK LADY APPLE,4130,,,APPLES,produce_plu,[],,,,,PINK LADY APPLE 4130   APPLES PRODUCE_PLU  ,
PLANTAIN BANANA,4235,,,BANANAS,produce_plu,[],,,,,PLANTAIN BANANA 4235   BANANAS PRODUCE_PLU  ,
PLUMCOTS,3126,,,PLUMS,produce_plu,[],,,,,PLUMCOTS 3126   PLUMS PRODUCE_PLU  ,
POBLANO PEPPER,4701,,,PEPPERS,produce_plu,[],,,,,POBLANO PEPPER 4701   PEPPERS PRODUCE_PLU  ,
POMEGRANATES,3127,,,POMEGRANATES,produce_plu,[],,,,,POMEGRANATES 3127   POMEGRANATES PRODUCE_PLU  ,
POMELLO,4279,,,POMELLO,produce_plu,[],,,,,POMELLO 4279   POMELLO PRODUCE_PLU  ,
PRESIDENT PLUM,4438,,,PLUMS,produce_plu,[],,,,,PRESIDENT PLUM 4438   PLUMS PRODUCE_PLU  ,
PRICKLY PEAR,4255,,,PEARS,produce_plu,[],,,,,PRICKLY PEAR 4255   PEARS PRODUCE_PLU  ,
PRUNE PLUM,4436,,,PLUMS,produce_plu,[],,,,,PRUNE PLUM 4436   PLUMS PRODUCE_PLU  ,
PUMPKIN,4735,,,PUMPKIN,produce_plu,[],,,,,PUMPKIN 4735   PUMPKIN PRODUCE_PLU  ,
PUMPKIN MINI,4734,,,PUMPKIN,produce_plu,[],,,,,PUMPKIN MINI 4734   PUMPKIN PRODUCE_PLU  ,
PUMPKIN PIE SIZE,3134,,,PUMPKIN,produce_plu,[],,,,,PUMPKIN PIE SIZE 3134   PUMPKIN PRODUCE_PLU  ,
PURPLE PEPPER,4683,,,PEPPERS,produce_plu,[],,,,,PURPLE PEPPER 4683   PEPPERS PRODUCE_PLU  ,
QUINCE,4447,,,QUINCE,produce_plu,[],,,,,QUINCE 4447   QUINCE PRODUCE_PLU  ,
RADICCHIO,4738,,,RADICCHIO,produce_plu,[],,,,,RADICCHIO 4738   RADICCHIO PRODUCE_PLU  ,
RADISHES,4089,,,RADISHS,produce_plu,[],,,,,RADISHES 4089   RADISHS PRODUCE_PLU  ,
RAINIER CHERRIES,4258,,,RAINIER,produce_plu,[],,,,,RAINIER CHERRIES 4258   RAINIER PRODUCE_PLU  ,
RAMBUTAN,3041,,,RAMBUTAN,produce_plu,[],,,,,RAMBUTAN 3041   RAMBUTAN PRODUCE_PLU  ,
RAPINI,4547,,,RAPINI,produce_plu,[],,,,,RAPINI 4547   RAPINI PRODUCE_PLU  ,
RED BANANA,4236,,,BANANAS,produce_plu,[],,,,,RED BANANA 4236   BANANAS PRODUCE_PLU  ,
RED BULK POTATO,4073,,,POTATOS,produce_plu,[],,,,,RED BULK POTATO 4073   POTATOS PRODUCE_PLU  ,
RED DEL LG APPLE,4016,,,APPLES,produce_plu,[],,,,,RED DEL LG APPLE 4016   APPLES PRODUCE_PLU  ,
RED DEL SM APPLE,4015,,,APPLES,produce_plu,[],,,,,RED DEL SM APPLE 4015   APPLES PRODUCE_PLU  ,
RED FIELD PEPPER,4088,,,PEPPERS,produce_plu,[],,,,,RED FIELD PEPPER 4088   PEPPERS PRODUCE_PLU  ,
RED GLOBE GRAPE,4636,,,GRAPES,produce_plu,[],,,,,RED GLOBE GRAPE 4636   GRAPES PRODUCE_PLU  ,
RED HOT FRESNO PEPPER,4714,,,PEPPERS,produce_plu,[],,,,,RED HOT FRESNO PEPPER 4714   PEPPERS PRODUCE_PLU  ,
RED LEAF LETTUCE,4075,,,LETTUCES,produce_plu,[],,,,,RED LEAF LETTUCE 4075   LETTUCES PRODUCE_PLU  ,
RED NAVEL ORANGE,3110,,,ORANGES,produce_plu,[],,,,,RED NAVEL ORANGE 3110   ORANGES PRODUCE_PLU  ,
RED PEAR,4417,,,PEARS,produce_plu,[],,,,,RED PEAR 4417   PEARS PRODUCE_PLU  ,
RED PLUM,4042,,,PLUMS,produce_plu,[],,,,,RED PLUM 4042   PLUMS PRODUCE_PLU  ,
RED SEEDLESS GRAPE,4023,,,GRAPES,produce_plu,[],,,,,RED SEEDLESS GRAPE 4023   GRAPES PRODUCE_PLU  ,
RED UNPEELED ONION,4082,,,ONIONS,produce_plu,[],,,,,RED UNPEELED ONION 4082   ONIONS PRODUCE_PLU  ,
RHUBARB,4745,,,RHUBARB,produce_plu,[],,,,,RHUBARB 4745   RHUBARB PRODUCE_PLU  ,
ROMA TOMATO,4087,,,TOMATOS,produce_plu,[],,,,,ROMA TOMATO 4087   TOMATOS PRODUCE_PLU  ,
ROMAINE LETTUCE,4640,,,LETTUCES,produce_plu,[],,,,,ROMAINE LETTUCE 4640   LETTUCES PRODUCE_PLU  ,
ROSE APPLE,4122,,,APPLES,produce_plu,[],,,,,ROSE APPLE 4122   APPLES PRODUCE_PLU  ,
RUSSET BULK POTATO,4072,,,POTATOS,produce_plu,[],,,,,RUSSET BULK POTATO 4072   POTATOS PRODUCE_PLU  ,
RUTABAGA,4747,,,RUTABAGA,produce_plu,[],,,,,RUTABAGA 4747   RUTABAGA PRODUCE_PLU  ,
SALAD BAR - LARGE,95575,,,SALAD,produce_plu,[],,,,,SALAD BAR - LARGE 95575   SALAD PRODUCE_PLU  ,
SALAD BAR - MEDIUM,95572,,,SALAD,produce_plu,[],,,,,SALAD BAR - MEDIUM 95572   SALAD PRODUCE_PLU  ,
SALAD BAR - SMALL,95576,,,SALAD,produce_plu,[],,,,,SALAD BAR - SMALL 95576   SALAD PRODUCE_PLU  ,
SANTA CLAUS MELON,4336,,,MELONS,produce_plu,[],,,,,SANTA CLAUS MELON 4336   MELONS PRODUCE_PLU  ,
SANTA CLAUS MELON,3101,,,MELONS,produce_plu,[],,,,,SANTA CLAUS MELON 3101   MELONS PRODUCE_PLU  ,
SAVE-ON-FOODS GARDEN HUMMUS,00296981000003,,Save-On-Foods,DIPS / HUMMUS,packaged_upc_product_number,[],,,,sof garden hummus,SAVE-ON-FOODS GARDEN HUMMUS 00296981000003  SAVE-ON-FOODS DIPS / HUMMUS PACKAGED_UPC_PRODUCT_NUMBER  SOF GARDEN HUMMUS,
SAVE-ON-FOODS MOROCCAN HUMMUS CRISPS DIPPER,00283198000001,,Save-On-Foods,DIPS / HUMMUS,packaged_upc_product_number,[],,,,sof moroccan hummus crisps,SAVE-ON-FOODS MOROCCAN HUMMUS CRISPS DIPPER 00283198000001  SAVE-ON-FOODS DIPS / HUMMUS PACKAGED_UPC_PRODUCT_NUMBER  SOF MOROCCAN HUMMUS CRISPS,
SAVE-ON-FOODS ORIGINAL HUMMUS & CRISPS SNACK DIPPER,00277627000007,,Save-On-Foods,DIPS / HUMMUS,packaged_upc_product_number,[],,,,sof original hummus crisps,SAVE-ON-FOODS ORIGINAL HUMMUS & CRISPS SNACK DIPPER 00277627000007  SAVE-ON-FOODS DIPS / HUMMUS PACKAGED_UPC_PRODUCT_NUMBER  SOF ORIGINAL HUMMUS CRISPS,
SHALLOTS,4662,,,SHALLOTS,produce_plu,[],,,,,SHALLOTS 4662   SHALLOTS PRODUCE_PLU  ,
SHANGHAI BOK CHOY,3163,,,BOK CHOY,produce_plu,[],,,,,SHANGHAI BOK CHOY 3163   BOK CHOY PRODUCE_PLU  ,
SHANGHAI CHOY PEARL,4858,,,PEARS,produce_plu,[],,,,,SHANGHAI CHOY PEARL 4858   PEARS PRODUCE_PLU  ,
SHER LI HON,4859,,,SHER,produce_plu,[],,,,,SHER LI HON 4859   SHER PRODUCE_PLU  ,
SHIITAKE MUSHROOM,4651,,,MUSHROOMS,produce_plu,[],,,,,SHIITAKE MUSHROOM 4651   MUSHROOMS PRODUCE_PLU  ,
SILVER SKIN ONION,4661,,,ONIONS,produce_plu,[],,,,,SILVER SKIN ONION 4661   ONIONS PRODUCE_PLU  ,
SIN QUA-LONG OKRA,4656,,,SIN,produce_plu,[],,,,,SIN QUA-LONG OKRA 4656   SIN PRODUCE_PLU  ,
SM NECTARINE,4035,,,NECTARINES,produce_plu,[],,,,,SM NECTARINE 4035   NECTARINES PRODUCE_PLU  ,
SM PEACH,4037,,,PEACHS,produce_plu,[],,,,,SM PEACH 4037   PEACHS PRODUCE_PLU  ,
SOUP - LARGE,95573,,,SOUP,produce_plu,[],,,,,SOUP - LARGE 95573   SOUP PRODUCE_PLU  ,
SOUP - SMALL,95574,,,SOUP,produce_plu,[],,,,,SOUP - SMALL 95574   SOUP PRODUCE_PLU  ,
SOUR SOP,260,,,SOUR,produce_plu,[],,,,,SOUR SOP 260   SOUR PRODUCE_PLU  ,
SOUTHERN ROSE APPLE,3001,,,APPLES,produce_plu,[],,,,,SOUTHERN ROSE APPLE 3001   APPLES PRODUCE_PLU  ,
SPAGHETTI SQUASH,4776,,,SQUASHS,produce_plu,[],,,,,SPAGHETTI SQUASH 4776   SQUASHS PRODUCE_PLU  ,
SPARTAN LG APPLE,4180,,,APPLES,produce_plu,[],,,,,SPARTAN LG APPLE 4180   APPLES PRODUCE_PLU  ,
SPARTAN SM APPLE,4178,,,APPLES,produce_plu,[],,,,,SPARTAN SM APPLE 4178   APPLES PRODUCE_PLU  ,
SPINACH BUNCH,4090,,,SPINACH,produce_plu,[],,,,,SPINACH BUNCH 4090   SPINACH PRODUCE_PLU  ,
STARFRUIT,4256,,,STARFRUIT,produce_plu,[],,,,,STARFRUIT 4256   STARFRUIT PRODUCE_PLU  ,
STRAWBERRIES - FLAT,408,,,-FLAT,produce_plu,[],,,,,STRAWBERRIES - FLAT 408   -FLAT PRODUCE_PLU  ,
SUI CHOY,4552,,,SUI,produce_plu,[],,,,,SUI CHOY 4552   SUI PRODUCE_PLU  ,
SUNCHOKE,4791,,,SUNCHOKE,produce_plu,[],,,,,SUNCHOKE 4791   SUNCHOKE PRODUCE_PLU  ,
SUNRISE APPLE,4184,,,APPLES,produce_plu,[],,,,,SUNRISE APPLE 4184   APPLES PRODUCE_PLU  ,
SWEET JUMBO ONION,4159,,,ONIONS,produce_plu,[],,,,,SWEET JUMBO ONION 4159   ONIONS PRODUCE_PLU  ,
SWEET JUMBO POTATO,1793,,,POTATOS,produce_plu,[],,,,,SWEET JUMBO POTATO 1793   POTATOS PRODUCE_PLU  ,
SWEET ONION,4166,,,ONIONS,produce_plu,[],,,,,SWEET ONION 4166   ONIONS PRODUCE_PLU  ,
SWEET POTATO,4091,,,POTATOS,produce_plu,[],,,,,SWEET POTATO 4091   POTATOS PRODUCE_PLU  ,
SWEETIE CITRUS,3092,,,CITRUS,produce_plu,[],,,,,SWEETIE CITRUS 3092   CITRUS PRODUCE_PLU  ,
SWISS CHARD GREEN,4586,,,SWISS,produce_plu,[],,,,,SWISS CHARD GREEN 4586   SWISS PRODUCE_PLU  ,
SWISS CHARD RAINBOW,4588,,,SWISS,produce_plu,[],,,,,SWISS CHARD RAINBOW 4588   SWISS PRODUCE_PLU  ,
SWISS CHARD RED,4587,,,SWISS,produce_plu,[],,,,,SWISS CHARD RED 4587   SWISS PRODUCE_PLU  ,
TAMARILLO - RED,4793,,,TAMARILLO,produce_plu,[],,,,,TAMARILLO - RED 4793   TAMARILLO PRODUCE_PLU  ,
TAMARILLO - YELLOW,4792,,,TAMARILLO,produce_plu,[],,,,,TAMARILLO - YELLOW 4792   TAMARILLO PRODUCE_PLU  ,
TAMARIND,4448,,,TAMARIND,produce_plu,[],,,,,TAMARIND 4448   TAMARIND PRODUCE_PLU  ,
TANGELOS MINNEOLAS,4383,,,TANGELOS,produce_plu,[],,,,,TANGELOS MINNEOLAS 4383   TANGELOS PRODUCE_PLU  ,
TANGERINE SATSUMA,3029,,,TANGERINE,produce_plu,[],,,,,TANGERINE SATSUMA 3029   TANGERINE PRODUCE_PLU  ,
TANGERINES ORANGES SATSUMA,4454,,,ORANGES,produce_plu,[],,,,,TANGERINES ORANGES SATSUMA 4454   ORANGES PRODUCE_PLU  ,
TARO ROOT LARGE,4795,,,TARO,produce_plu,[],,,,,TARO ROOT LARGE 4795   TARO PRODUCE_PLU  ,
TARO ROOT SMALL,4794,,,TARO,produce_plu,[],,,,,TARO ROOT SMALL 4794   TARO PRODUCE_PLU  ,
TAYLOR FARMS ASIAN CHOPPED SALAD KIT (369 g),00030223041696,369 g,Taylor Farms,SALAD KITS,packaged_upc_product_number,[],,,,tf asian chopped 369; tf asian,TAYLOR FARMS ASIAN CHOPPED SALAD KIT (369 G) 00030223041696 369 G TAYLOR FARMS SALAD KITS PACKAGED_UPC_PRODUCT_NUMBER  TF ASIAN CHOPPED 369; TF ASIAN,
TAYLOR FARMS CAESAR CHOPPED SALAD KIT (340 g),00030223041726,340 g,Taylor Farms,SALAD KITS,packaged_upc_product_number,[],,,,tf caesar chopped 340; tf caesar,TAYLOR FARMS CAESAR CHOPPED SALAD KIT (340 G) 00030223041726 340 G TAYLOR FARMS SALAD KITS PACKAGED_UPC_PRODUCT_NUMBER  TF CAESAR CHOPPED 340; TF CAESAR,
TAYLOR FARMS CAESAR MINI CHOPPED SALAD KIT (156 g),00030223061335,156 g,Taylor Farms,SALAD KITS,packaged_upc_product_number,[],,,,tf caesar mini chopped; tf caesar,TAYLOR FARMS CAESAR MINI CHOPPED SALAD KIT (156 G) 00030223061335 156 G TAYLOR FARMS SALAD KITS PACKAGED_UPC_PRODUCT_NUMBER  TF CAESAR MINI CHOPPED; TF CAESAR,
TAYLOR FARMS EVERYTHING CHOPPED SALAD KIT (340 g),00030223041962,340 g,Taylor Farms,SALAD KITS,packaged_upc_product_number,[],,,,tf everything chopped 340,TAYLOR FARMS EVERYTHING CHOPPED SALAD KIT (340 G) 00030223041962 340 G TAYLOR FARMS SALAD KITS PACKAGED_UPC_PRODUCT_NUMBER  TF EVERYTHING CHOPPED 340,
TAYLOR FARMS MEXICAN STREET CORN CHOPPED SALAD KIT (315 g),00030223061397,315 g,Taylor Farms,SALAD KITS,packaged_upc_product_number,[],,,,tf mexican street corn,TAYLOR FARMS MEXICAN STREET CORN CHOPPED SALAD KIT (315 G) 00030223061397 315 G TAYLOR FARMS SALAD KITS PACKAGED_UPC_PRODUCT_NUMBER  TF MEXICAN STREET CORN,
TAYLOR FARMS NASHVILLE HOT MINI CHOPPED SALAD KIT (156 g),00030223061366,156 g,Taylor Farms,SALAD KITS,packaged_upc_product_number,[],,,,tf nashville hot mini,TAYLOR FARMS NASHVILLE HOT MINI CHOPPED SALAD KIT (156 G) 00030223061366 156 G TAYLOR FARMS SALAD KITS PACKAGED_UPC_PRODUCT_NUMBER  TF NASHVILLE HOT MINI,
TAYLOR FARMS SWEET KALE CHOPPED SALAD KIT (340 g),00824862006440,340 g,Taylor Farms,SALAD KITS,packaged_upc_product_number,[],,,,tf sweet kale chopped; tf kale,TAYLOR FARMS SWEET KALE CHOPPED SALAD KIT (340 G) 00824862006440 340 G TAYLOR FARMS SALAD KITS PACKAGED_UPC_PRODUCT_NUMBER  TF SWEET KALE CHOPPED; TF KALE,
TAYLOR GOLD PEAR,4553,,,PEARS,produce_plu,[],,,,,TAYLOR GOLD PEAR 4553   PEARS PRODUCE_PLU  ,
TEA - TAZO,95131,,,TEA,produce_plu,[],,,,,TEA - TAZO 95131   TEA PRODUCE_PLU  ,
THAI CHILI PEPPER,4711,,,PEPPERS,produce_plu,[],,,,,THAI CHILI PEPPER 4711   PEPPERS PRODUCE_PLU  ,
TOMATILLOS,4801,,,TOMATILLOS,produce_plu,[],,,,,TOMATILLOS 4801   TOMATILLOS PRODUCE_PLU  ,
TREE RIPEN NECTARINE,4378,,,NECTARINES,produce_plu,[],,,,,TREE RIPEN NECTARINE 4378   NECTARINES PRODUCE_PLU  ,
TUNG HO,4853,,,TUNG,produce_plu,[],,,,,TUNG HO 4853   TUNG PRODUCE_PLU  ,
TURNIP PURPLE TOP,4812,,,TURNIP,produce_plu,[],,,,,TURNIP PURPLE TOP 4812   TURNIP PRODUCE_PLU  ,
UGLIFRUIT,4459,,,UGLIFRUIT,produce_plu,[],,,,,UGLIFRUIT 4459   UGLIFRUIT PRODUCE_PLU  ,
UGLYRIPE HEIRLOOM TOMATO,3423,,,TOMATOS,produce_plu,[],,,,,UGLYRIPE HEIRLOOM TOMATO 3423   TOMATOS PRODUCE_PLU  ,
VAL LG ORANGE,3108,,,ORANGES,produce_plu,[],,,,,VAL LG ORANGE 3108   ORANGES PRODUCE_PLU  ,
VAL SM ORANGE,4014,,,ORANGES,produce_plu,[],,,,,VAL SM ORANGE 4014   ORANGES PRODUCE_PLU  ,
WALLA WALLA SWT. ONION,4163,,,ONIONS,produce_plu,[],,,,,WALLA WALLA SWT. ONION 4163   ONIONS PRODUCE_PLU  ,
WATER CHESTNUTS,4814,,,WATER,produce_plu,[],,,,,WATER CHESTNUTS 4814   WATER PRODUCE_PLU  ,
WATERCRESS,4815,,,WATERCRESS,produce_plu,[],,,,,WATERCRESS 4815   WATERCRESS PRODUCE_PLU  ,
WATERMELON SEEDED,4031,,,MELONS,produce_plu,[],,,,,WATERMELON SEEDED 4031   MELONS PRODUCE_PLU  ,
WATERMELON SEEDLESS,4032,,,MELONS,produce_plu,[],,,,,WATERMELON SEEDLESS 4032   MELONS PRODUCE_PLU  ,
WATERMELON SEEDLESS CUT,4342,,,MELONS,produce_plu,[],,,,,WATERMELON SEEDLESS CUT 4342   MELONS PRODUCE_PLU  ,
WATERMELON SEEDLESS MINI,3421,,,MELONS,produce_plu,[],,,,,WATERMELON SEEDLESS MINI 3421   MELONS PRODUCE_PLU  ,
WATERMELON SEEDLESS YELLOW,4340,,,MELONS,produce_plu,[],,,,,WATERMELON SEEDLESS YELLOW 4340   MELONS PRODUCE_PLU  ,
WESTERN FAMILY BABY ARUGULA,00062639374624,142 g,Western Family,Packaged Greens / Salads,packaged,[],,,Baby arugula,wf baby arugula; wf arugula,WESTERN FAMILY BABY ARUGULA 00062639374624 142 G WESTERN FAMILY PACKAGED GREENS / SALADS PACKAGED BABY ARUGULA WF BABY ARUGULA; WF ARUGULA,
WESTERN FAMILY BABY SPINACH,00062639374655,142 g,Western Family,Packaged Greens / Salads,packaged,[],,,Baby spinach,wf baby spinach; wf spinach,WESTERN FAMILY BABY SPINACH 00062639374655 142 G WESTERN FAMILY PACKAGED GREENS / SALADS PACKAGED BABY SPINACH WF BABY SPINACH; WF SPINACH,
WESTERN FAMILY CARAMELIZED ONION HUMMUS,00062639384272,,Western Family,DIPS / HUMMUS,packaged_upc_product_number,[],,,,wf caramelized onion hummus,WESTERN FAMILY CARAMELIZED ONION HUMMUS 00062639384272  WESTERN FAMILY DIPS / HUMMUS PACKAGED_UPC_PRODUCT_NUMBER  WF CARAMELIZED ONION HUMMUS,
WESTERN FAMILY DILL PICKLE HUMMUS (227 g),00062639374945,227 g,Western Family,DIPS / HUMMUS,packaged_upc_product_number,[],,,,wf dill pickle hummus; wf dill,WESTERN FAMILY DILL PICKLE HUMMUS (227 G) 00062639374945 227 G WESTERN FAMILY DIPS / HUMMUS PACKAGED_UPC_PRODUCT_NUMBER  WF DILL PICKLE HUMMUS; WF DILL,
WESTERN FAMILY FRESH BABY DILL,00062639359676,20 g,Western Family,Fresh Herbs,packaged,[],,,Fresh herb,wf baby dill; wf dill,WESTERN FAMILY FRESH BABY DILL 00062639359676 20 G WESTERN FAMILY FRESH HERBS PACKAGED FRESH HERB WF BABY DILL; WF DILL,
WESTERN FAMILY FRESH CHIVES,00062639359683,20 g,Western Family,Fresh Herbs,packaged,[],,,Fresh herb,wf chives,WESTERN FAMILY FRESH CHIVES 00062639359683 20 G WESTERN FAMILY FRESH HERBS PACKAGED FRESH HERB WF CHIVES,
WESTERN FAMILY FRESH ITALIAN PARSLEY,00062639359690,20 g,Western Family,Fresh Herbs,packaged,[],,,Fresh herb,wf italian parsley,WESTERN FAMILY FRESH ITALIAN PARSLEY 00062639359690 20 G WESTERN FAMILY FRESH HERBS PACKAGED FRESH HERB WF ITALIAN PARSLEY,
WESTERN FAMILY FRESH MINT,00062639359706,20 g,Western Family,Fresh Herbs,packaged,[],,,Fresh herb,wf mint; wf mint,WESTERN FAMILY FRESH MINT 00062639359706 20 G WESTERN FAMILY FRESH HERBS PACKAGED FRESH HERB WF MINT; WF MINT,
WESTERN FAMILY FRESH OREGANO,00062639359607,20 g,Western Family,Fresh Herbs,packaged,[],,,Fresh herb,wf oregano,WESTERN FAMILY FRESH OREGANO 00062639359607 20 G WESTERN FAMILY FRESH HERBS PACKAGED FRESH HERB WF OREGANO,
WESTERN FAMILY FRESH ROSEMARY,00062639359614,20 g,Western Family,Fresh Herbs,packaged,[],,,Fresh herb,wf rosemary; wf rosemary,WESTERN FAMILY FRESH ROSEMARY 00062639359614 20 G WESTERN FAMILY FRESH HERBS PACKAGED FRESH HERB WF ROSEMARY; WF ROSEMARY,
WESTERN FAMILY FRESH SAGE,00062639359621,20 g,Western Family,Fresh Herbs,packaged,[],,,Fresh herb,wf sage; wf sage,WESTERN FAMILY FRESH SAGE 00062639359621 20 G WESTERN FAMILY FRESH HERBS PACKAGED FRESH HERB WF SAGE; WF SAGE,
WESTERN FAMILY FRESH SWEET BASIL,00062639359645,20 g,Western Family,Fresh Herbs,packaged,[],,,Fresh herb,wf sweet basil; wf basil,WESTERN FAMILY FRESH SWEET BASIL 00062639359645 20 G WESTERN FAMILY FRESH HERBS PACKAGED FRESH HERB WF SWEET BASIL; WF BASIL,
WESTERN FAMILY FRESH TARRAGON,00062639359652,20 g,Western Family,Fresh Herbs,packaged,[],,,Fresh herb,wf tarragon,WESTERN FAMILY FRESH TARRAGON 00062639359652 20 G WESTERN FAMILY FRESH HERBS PACKAGED FRESH HERB WF TARRAGON,
WESTERN FAMILY FRESH THYME,00062639359669,20 g,Western Family,Fresh Herbs,packaged,[],,,Fresh herb,wf thyme; wf thyme,WESTERN FAMILY FRESH THYME 00062639359669 20 G WESTERN FAMILY FRESH HERBS PACKAGED FRESH HERB WF THYME; WF THYME,
WESTERN FAMILY FRUIT TRAY LARGE,00062639368432,,Western Family,CUT FRUIT / TRAYS,packaged_upc_product_number,[],,,,wf fruit tray large,WESTERN FAMILY FRUIT TRAY LARGE 00062639368432  WESTERN FAMILY CUT FRUIT / TRAYS PACKAGED_UPC_PRODUCT_NUMBER  WF FRUIT TRAY LARGE,
WESTERN FAMILY HUMMUS ROASTED GARLIC (227 g),00062639204150,227 g,Western Family,DIPS / HUMMUS,packaged_upc_product_number,[],,,,wf hummus roasted garlic,WESTERN FAMILY HUMMUS ROASTED GARLIC (227 G) 00062639204150 227 G WESTERN FAMILY DIPS / HUMMUS PACKAGED_UPC_PRODUCT_NUMBER  WF HUMMUS ROASTED GARLIC,
WESTERN FAMILY ROASTED GARLIC HUMMUS (454 g),00062639324247,454 g,Western Family,DIPS / HUMMUS,packaged_upc_product_number,[],,,,wf roasted garlic hummus,WESTERN FAMILY ROASTED GARLIC HUMMUS (454 G) 00062639324247 454 G WESTERN FAMILY DIPS / HUMMUS PACKAGED_UPC_PRODUCT_NUMBER  WF ROASTED GARLIC HUMMUS,
WHITE CREAMER POTATO,4724,,,POTATOS,produce_plu,[],,,,,WHITE CREAMER POTATO 4724   POTATOS PRODUCE_PLU  ,
WHITE FLESH NECTARINE,4188,,,NECTARINES,produce_plu,[],,,,,WHITE FLESH NECTARINE 4188   NECTARINES PRODUCE_PLU  ,
WHITE ONION,4663,,,ONIONS,produce_plu,[],,,,,WHITE ONION 4663   ONIONS PRODUCE_PLU  ,
WHITE POTATO,4083,,,POTATOS,produce_plu,[],,,,,WHITE POTATO 4083   POTATOS PRODUCE_PLU  ,
YA PEAR,4890,,,PEARS,produce_plu,[],,,,,YA PEAR 4890   PEARS PRODUCE_PLU  ,
YAMS,4074,,,YAMS,produce_plu,[],,,,,YAMS 4074   YAMS PRODUCE_PLU  ,
YAMS JUMBO,4817,,,YAMS,produce_plu,[],,,,,YAMS JUMBO 4817   YAMS PRODUCE_PLU  ,
YAMS PURPLE,4818,,,YAMS,produce_plu,[],,,,,YAMS PURPLE 4818   YAMS PRODUCE_PLU  ,
YELLOW FIELD PEPPER,4680,,,PEPPERS,produce_plu,[],,,,,YELLOW FIELD PEPPER 4680   PEPPERS PRODUCE_PLU  ,
YELLOW FLESH POTATO,4727,,,POTATOS,produce_plu,[],,,,,YELLOW FLESH POTATO 4727   POTATOS PRODUCE_PLU  ,
YELLOW ZUCCHINI SQUASH,4086,,,SQUASHS,produce_plu,[],,,,,YELLOW ZUCCHINI SQUASH 4086   SQUASHS PRODUCE_PLU  ,
YU CHOY SUM,4503,,,YU,produce_plu,[],,,,,YU CHOY SUM 4503   YU PRODUCE_PLU  ,
YU CHOY SUM MUI,4856,,,YU,produce_plu,[],,,,,YU CHOY SUM MUI 4856   YU PRODUCE_PLU  ,
YUCCA ROOT,4819,,,YUCCA,produce_plu,[],,,,,YUCCA ROOT 4819   YUCCA PRODUCE_PLU  ,
ZUCCHINI SQUASH,4067,,,SQUASHS,produce_plu,[],,,,,ZUCCHINI SQUASH 4067   SQUASHS PRODUCE_PLU  ,
